{"target": 0.14559930642768912, "params": {"grass_scalar": 1.3148453547892571, "tree_scalar": 6.5386431254693935}, "datetime": {"datetime": "2025-03-10 17:59:47", "elapsed": 0.0, "delta": 0.0}}
