{"target": 0.20448481003563906, "params": {"baseflow": 7.601370568382025, "fmax": 0.14647799931680192}, "datetime": {"datetime": "2024-04-15 08:43:33", "elapsed": 0.0, "delta": 0.0}}
